PerfTest26@yopmail.com,Test@123456
PerfTest20@yopmail.com,Test@123456
PerfTest21@yopmail.com,Test@123456
PerfTest22@yopmail.com,Test@123456
PerfTest23@yopmail.com,Test@123456
PerfTest24@yopmail.com,Test@123456
PerfTest25@yopmail.com,Test@123456
PerfTest27@yopmail.com,Test@123456
PerfTest28@yopmail.com,Test@123456
PerfTest29@yopmail.com,Test@123456
PerfTest30@yopmail.com,Test@123456
PerfTest31@yopmail.com,Test@123456
PerfTest32@yopmail.com,Test@123456
PerfTest33@yopmail.com,Test@123456
PerfTest34@yopmail.com,Test@123456
PerfTest35@yopmail.com,Test@123456
PerfTest36@yopmail.com,Test@123456
PerfTest37@yopmail.com,Test@123456
PerfTest38@yopmail.com,Test@123456
PerfTest39@yopmail.com,Test@123456
PerfTest40@yopmail.com,Test@123456
PerfTest41@yopmail.com,Test@123456
PerfTest42@yopmail.com,Test@123456
PerfTest43@yopmail.com,Test@123456
PerfTest44@yopmail.com,Test@123456
PerfTest45@yopmail.com,Test@123456
PerfTest46@yopmail.com,Test@123456
PerfTest47@yopmail.com,Test@123456
PerfTest48@yopmail.com,Test@123456
PerfTest49@yopmail.com,Test@123456
PerfTest50@yopmail.com,Test@123456
PerfTest51@yopmail.com,Test@123456
PerfTest52@yopmail.com,Test@123456
PerfTest53@yopmail.com,Test@123456
PerfTest54@yopmail.com,Test@123456
PerfTest55@yopmail.com,Test@123456
PerfTest56@yopmail.com,Test@123456
PerfTest57@yopmail.com,Test@123456
PerfTest58@yopmail.com,Test@123456
PerfTest59@yopmail.com,Test@123456
PerfTest60@yopmail.com,Test@123456
PerfTest61@yopmail.com,Test@123456
PerfTest62@yopmail.com,Test@123456
PerfTest63@yopmail.com,Test@123456
PerfTest64@yopmail.com,Test@123456
PerfTest65@yopmail.com,Test@123456
PerfTest66@yopmail.com,Test@123456
PerfTest67@yopmail.com,Test@123456
PerfTest68@yopmail.com,Test@123456
PerfTest69@yopmail.com,Test@123456
PerfTest70@yopmail.com,Test@123456
PerfTest71@yopmail.com,Test@123456
PerfTest72@yopmail.com,Test@123456
PerfTest73@yopmail.com,Test@123456
PerfTest74@yopmail.com,Test@123456
PerfTest75@yopmail.com,Test@123456
PerfTest76@yopmail.com,Test@123456
PerfTest77@yopmail.com,Test@123456
PerfTest78@yopmail.com,Test@123456
PerfTest79@yopmail.com,Test@123456
PerfTest80@yopmail.com,Test@123456
PerfTest81@yopmail.com,Test@123456
PerfTest82@yopmail.com,Test@123456
PerfTest83@yopmail.com,Test@123456
PerfTest84@yopmail.com,Test@123456
PerfTest85@yopmail.com,Test@123456
PerfTest86@yopmail.com,Test@123456
PerfTest87@yopmail.com,Test@123456
PerfTest88@yopmail.com,Test@123456
PerfTest89@yopmail.com,Test@123456
PerfTest90@yopmail.com,Test@123456
PerfTest91@yopmail.com,Test@123456
PerfTest92@yopmail.com,Test@123456
PerfTest93@yopmail.com,Test@123456
PerfTest94@yopmail.com,Test@123456
PerfTest95@yopmail.com,Test@123456
PerfTest96@yopmail.com,Test@123456
PerfTest97@yopmail.com,Test@123456
PerfTest98@yopmail.com,Test@123456
PerfTest99@yopmail.com,Test@123456
PerfTest100@yopmail.com,Test@123456
PerfTest101@yopmail.com,Test@123456
PerfTest102@yopmail.com,Test@123456
PerfTest103@yopmail.com,Test@123456
PerfTest104@yopmail.com,Test@123456
PerfTest105@yopmail.com,Test@123456
PerfTest106@yopmail.com,Test@123456
PerfTest107@yopmail.com,Test@123456
PerfTest108@yopmail.com,Test@123456
PerfTest109@yopmail.com,Test@123456
PerfTest110@yopmail.com,Test@123456
PerfTest111@yopmail.com,Test@123456
PerfTest112@yopmail.com,Test@123456
PerfTest113@yopmail.com,Test@123456
PerfTest114@yopmail.com,Test@123456
PerfTest115@yopmail.com,Test@123456
PerfTest116@yopmail.com,Test@123456
PerfTest117@yopmail.com,Test@123456
PerfTest118@yopmail.com,Test@123456
PerfTest119@yopmail.com,Test@123456
PerfTest120@yopmail.com,Test@123456
PerfTest121@yopmail.com,Test@123456
PerfTest122@yopmail.com,Test@123456
PerfTest123@yopmail.com,Test@123456
PerfTest124@yopmail.com,Test@123456
PerfTest125@yopmail.com,Test@123456
PerfTest126@yopmail.com,Test@123456
PerfTest127@yopmail.com,Test@123456
PerfTest128@yopmail.com,Test@123456
PerfTest129@yopmail.com,Test@123456
PerfTest130@yopmail.com,Test@123456
PerfTest131@yopmail.com,Test@123456
PerfTest132@yopmail.com,Test@123456
PerfTest133@yopmail.com,Test@123456
PerfTest134@yopmail.com,Test@123456
PerfTest135@yopmail.com,Test@123456
PerfTest145@yopmail.com,Test@123456
PerfTest146@yopmail.com,Test@123456
PerfTest147@yopmail.com,Test@123456
PerfTest148@yopmail.com,Test@123456
PerfTest149@yopmail.com,Test@123456
PerfTest150@yopmail.com,Test@123456
perftest@yopmail.com,Test@12345
PerfTest16@yopmail.com,Test@123456
